id,userId,name
9145,1,Omar Huffman
9146,2,Mr. Jason Love
9147,3,Angela Thompson
9148,4,Jessica Sherman
9149,5,Oscar Harmon
9150,6,Jessica Wilson
9151,7,Kyle Bailey
9152,8,John Henderson
9153,9,Tracey Irwin
9154,10,Margaret Allen
9155,11,Stacy Grant
9156,12,Kim Brooks
9157,13,Nicholas Bolton
9158,14,Laurie Kirk
9159,15,Angela Garcia
9160,16,Wayne Smith
9161,17,Dylan Robinson
9162,18,Katie Brown
9163,19,Misty Williams
9164,20,Nicole Ramsey
9165,21,William Smith
9166,22,Anthony Espinoza
9167,23,Julia Compton
9168,24,Joseph Chambers
9169,25,Jennifer Cohen
9170,26,Theodore Barnett
9171,27,Frank Davis
9172,28,Michael Stone
9173,29,Kathleen Schroeder
9174,30,Aaron Castro
9175,31,Andrew Willis
9176,32,Angela Carr
9177,33,Cynthia Owens
9178,34,Courtney Salinas
9179,35,Sierra Thomas
9180,36,Cody Lopez
9181,37,Kevin Hill
9182,38,Michelle Harris
9183,39,James Nunez
9184,40,Cynthia Wilkerson
9185,41,Rhonda Simon MD
9186,42,Todd Gonzalez
9187,43,Russell Price
9188,44,Shelley Booth
9189,45,Ashley Lloyd
9190,46,Jennifer Allen
9191,47,Randall Bray
9192,48,Gabriel Davila
9193,49,Michael Williamson
9194,50,Robin Smith
9195,51,Bradley Cooper
9196,52,Erika Pearson
9197,53,Patricia Johnson
9198,54,Linda Whitaker
9199,55,Daniel Martin
9200,56,Dr. Angela Johnson
9201,57,David Armstrong
9202,58,Michael Hill
9203,59,Evelyn Dixon
9204,60,Joshua Robinson
9205,61,Michael Arnold
9206,62,John Wiggins
9207,63,Seth Robertson
9208,64,Stephen Rogers
9209,65,Patricia Matthews
9210,66,Jennifer Norton
9211,67,Maria Washington
9212,68,Jordan Brown
9213,69,Traci Wiggins
9214,70,Sarah Jimenez
9215,71,Andre Stark
9216,72,Michael Simmons
9217,73,Angela Robertson
9218,74,Christopher Hooper
9219,75,Kim Williams
9220,76,Valerie Jackson
9221,77,Amy Fischer
9222,78,Jonathan Obrien
9223,79,Hannah Armstrong
9224,80,Edwin Romero
9225,81,Erin Jensen
9226,82,Brian Smith
9227,83,Jason Thornton
9228,84,Daniel Lester
9229,85,Emma James
9230,86,Luke Myers
9231,87,Cody Schmidt
9232,88,Scott Freeman
9233,89,Kelly Marquez
9234,90,Johnny Malone
9235,91,Michael Johnson
9236,92,Tiffany Patterson
9237,93,Laura Hernandez
9238,94,Anita Matthews
9239,95,Kevin Sexton
9240,96,Randy Blake
9241,97,Lacey Madden
9242,98,Tammy Martinez
9243,99,David Dominguez
9244,100,April Martin
9245,101,Cynthia Garcia
9246,102,Crystal Lane
9247,103,Kendra Hoover
9248,104,Sabrina Ware
9249,105,Clinton Spencer
9250,106,Kelli Carney
9251,107,Lisa James
9252,108,Theodore Landry
9253,109,Paula Andersen
9254,110,Steven Wong
9255,111,Steven Rich
9256,112,Jon Small
9257,113,Veronica Hall
9258,114,Roy Sweeney
9259,115,Amanda Palmer
9260,116,Miss Alexandria Johnson DDS
9261,117,Robin Pierce
9262,118,George James
9263,119,Billy Johnson
9264,120,Kevin Lee
9265,121,Erika Sanchez
9266,122,Ryan Smith
9267,123,Elizabeth Gonzalez
9268,124,Taylor Moreno
9269,125,Thomas Avila
9270,126,Victoria Schmitt
9271,127,Jason Pierce
9272,128,Jessica Leblanc
9273,129,Valerie Rose
9274,130,Cheryl Sanders
9275,131,Tanya Singleton
9276,132,Elizabeth Anderson
9277,133,Sarah Martinez
9278,134,Linda Mccoy
9279,135,Brian Weber
9280,136,Nicholas Dean
9281,137,Nicholas Rodriguez
9282,138,Brandi Hernandez
9283,139,Samantha Phillips
9284,140,Walter Riddle
9285,141,Jeffrey Myers
9286,142,Crystal Strong
9287,143,Alyssa King
9288,144,Christopher Sanders
9289,145,Gary Tucker
9290,146,Michael Gibbs
9291,147,Troy Wright
9292,148,Joshua Hunter
9293,149,John Swanson
9294,150,Benjamin Ward
9295,151,Aaron Nelson
9296,152,Kendra Harris
9297,153,Hannah Garcia
9298,154,John Miller
9299,155,Sean Mendez
9300,156,Michelle Duarte
9301,157,Lisa Miller
9302,158,Gabriel Graham
9303,159,Jonathan Booker
9304,160,Jessica Herring
9305,161,Emily Smith
9306,162,Christopher Thomas
9307,163,Tanya Gutierrez
9308,164,Ruth Patterson
9309,165,Jerry Robinson
9310,166,Jake Mathews
9311,167,Hunter Stanley
9312,168,Kristina Foster
9313,169,Jason Murphy
9314,170,Maria Taylor
9315,171,Breanna Merritt
9316,172,Ian Hurley
9317,173,Joseph Robinson
9318,174,Theodore Wagner
9319,175,Pamela Yates
9320,176,Nicholas Burke
9321,177,Seth Garrison
9322,178,Michelle Cooper
9323,179,James Nelson
9324,180,Joshua Hansen
9325,181,Donna Ayala
9326,182,Edwin Rodriguez
9327,183,Victor Reynolds
9328,184,Sean Morris
9329,185,Louis Arnold
9330,186,Jay Luna
9331,187,Ryan Keith
9332,188,Craig Smith
9333,189,Taylor Young
9334,190,David Cox
9335,191,Veronica Taylor
9336,192,Katherine Melendez
9337,193,Jamie Evans
9338,194,James Carter
9339,195,James Smith
9340,196,Amber Carson
9341,197,Brandon Brown
9342,198,Rachel Williams
9343,199,Elizabeth Powell
9344,200,David Malone
9345,201,Tyler Wolf
9346,202,Teresa Salazar
9347,203,Shelby Joseph
9348,204,Steven Jones
9349,205,Amanda Allison
9350,206,Kristin Rodriguez
9351,207,Patrick Hutchinson
9352,208,Stephen Crawford
9353,209,Alison Cooper
9354,210,Michael Watson
9355,211,Christian Ramirez
9356,212,Aaron Jackson
9357,213,Diana Bentley
9358,214,David Weaver DVM
9359,215,Laurie Williams
9360,216,Dominique Reed
9361,217,Jennifer Garcia
9362,218,Amy Shelton
9363,219,Christopher Perry
9364,220,Christina Winters
9365,221,Colin Howe
9366,222,Stacy Jones
9367,223,Stephanie Porter
9368,224,Nicole Durham
9369,225,David Francis
9370,226,Haley Cummings
9371,227,Jason Dudley
9372,228,Kimberly White
9373,229,Francis Clarke
9374,230,Michael Mendoza
9375,231,Robert Jones
9376,232,Kevin Salazar
9377,233,Michael Brandt
9378,234,Mark Adams
9379,235,Vincent Brown
9380,236,Mrs. Megan Davis
9381,237,Melissa Baker
9382,238,Mr. Kevin Phillips
9383,239,Nicholas Moore
9384,240,Briana Lara
9385,241,Steven Morris
9386,242,Lori Cooper
9387,243,Kelsey White
9388,244,Jessica Hall
9389,245,David Hahn
9390,246,Joseph Hartman DDS
9391,247,Eileen Newton
9392,248,Matthew Harris
9393,249,Christina Hardy
9394,250,Alexis Peck
9395,251,Andrew Freeman
9396,252,John Thomas
9397,253,Amber Pennington
9398,254,George Mcmillan
9399,255,Alexis Lopez
9400,256,Roy Johnson
9401,257,Scott Jones
9402,258,Dr. Michael Wright
9403,259,Vincent Ellis
9404,260,Stephanie Olson
9405,261,Blake Bennett
9406,262,Ashley Smith
9407,263,Bill Stanley
9408,264,Matthew Dudley
9409,265,Martha Dixon
9410,266,Cathy Koch
9411,267,Sarah Cox
9412,268,Lori Hernandez
9413,269,Patrick Grant
9414,270,Holly Miller
9415,271,Charles Adams
9416,272,Tyler Henderson
9417,273,David Martinez
9418,274,Christopher Hudson
9419,275,Paula Sanders
9420,276,Frances Smith
9421,277,Peggy Hahn
9422,278,Tina Walton
9423,279,Robert Davis
9424,280,Kristen Williams
9425,281,Charles Banks
9426,282,James Pena
9427,283,William Russell
9428,284,Angela Watson
9429,285,Ronald Kirk
9430,286,Andrew White
9431,287,Donald Guerrero
9432,288,Rachel Kennedy
9433,289,Rebekah Rios
9434,290,James Thomas
9435,291,Ian Brewer
9436,292,George Chung
9437,293,Cassandra Rose
9438,294,Julie Nunez
9439,295,Madison Oconnor
9440,296,Cody Chavez
9441,297,Marilyn Johnson
9442,298,Erica Sullivan
9443,299,John Marshall
9444,300,Jenna Harrell
9445,301,Alexis Mendez
9446,302,Laura Snow
9447,303,Melissa Howard
9448,304,Leslie Benson
9449,305,Justin Perez
9450,306,Melissa Carr
9451,307,Phillip Benjamin
9452,308,Samantha Clarke
9453,309,Jennifer Myers
9454,310,Jenna Diaz
9455,311,Marissa Choi
9456,312,Troy Mitchell
9457,313,Deborah Hardy
9458,314,Shawn Williams
9459,315,Blake Cooper
9460,316,Bryan Brown
9461,317,Cassidy Arnold
9462,318,James Patterson
9463,319,Nathan Hall
9464,320,David Martin
9465,321,Mikayla Morgan
9466,322,Richard Brown
9467,323,Rebecca Dominguez
9468,324,Manuel Morris
9469,325,Tony Nunez
9470,326,Alicia Cortez
9471,327,Colleen Ford
9472,328,Angela Mcintosh
9473,329,Brittany Fox
9474,330,Mr. Douglas Aguirre
9475,331,Alicia Morris
9476,332,Felicia Wolf
9477,333,Tiffany Archer
9478,334,Amanda Weber
9479,335,Kimberly Lopez
9480,336,James Finley
9481,337,Lisa Atkinson
9482,338,Michelle Wolf
9483,339,Hannah Bishop
9484,340,Timothy Carlson
9485,341,Brian Townsend
9486,342,Clayton Lopez
9487,343,Diana Weaver
9488,344,Alyssa Keller
9489,345,Michelle Nelson
9490,346,Ronald Jimenez
9491,347,Jasmine Garcia
9492,348,Steven Brown
9493,349,Louis Sampson
9494,350,Samuel Nguyen
9495,351,Tiffany Duarte
9496,352,Ricardo Flores
9497,353,Melanie Mcfarland
9498,354,Jeffrey Lin
9499,355,Carrie Parker
9500,356,Douglas Parsons
9501,357,Daniel Harrington
9502,358,Cody Johnson
9503,359,Dennis Kirk
9504,360,Ann Flores
9505,361,Carolyn Velasquez
9506,362,Kayla Simpson
9507,363,Michael Branch
9508,364,Tiffany Perez
9509,365,Susan Simmons
9510,366,Autumn Valenzuela
9511,367,Christina Miles
9512,368,Kelly Delgado
9513,369,Katie Collins
9514,370,Charlene Rodriguez
9515,371,Catherine Young
9516,372,Lindsey Green
9517,373,Stephen Harris
9518,374,John Torres
9519,375,Derek Pena
9520,376,Ashley Wilson
9521,377,Elizabeth Sanchez
9522,378,Mark Haas
9523,379,Thomas Johnson
9524,380,Thomas Swanson
9525,381,Justin Garcia
9526,382,Adam Williams
9527,383,Carrie Clark
9528,384,Heather Scott
9529,385,Elizabeth Cantu
9530,386,Angela Watkins
9531,387,James Whitehead
9532,388,Mr. John Johns
9533,389,Cynthia Freeman
9534,390,Travis Garcia
9535,391,Katie Logan
9536,392,Sara Snyder
9537,393,Susan Burnett
9538,394,Christopher Gutierrez
9539,395,Julia Shaffer
9540,396,Jared Harrison
9541,397,Leslie Reeves
9542,398,Heather Mccoy
9543,399,Hailey Logan
9544,400,Heather Morrison
9545,401,Duane Smith
9546,402,Kenneth Daniels
9547,403,Mrs. Lisa Schultz
9548,404,David Washington
9549,405,Adam Martin
9550,406,Jack King
9551,407,Gloria Nelson
9552,408,Peter Oconnor
9553,409,Keith Howell
9554,410,Zachary Carey
9555,411,Daniel Henry DDS
9556,412,Crystal Martinez
9557,413,Jerry Vaughn
9558,414,Heather Miller
9559,415,Corey Matthews
9560,416,Marisa Wallace
9561,417,Catherine Gonzalez
9562,418,Joseph Harris
9563,419,Julie Hurley
9564,420,Kimberly Edwards
9565,421,Morgan Moore
9566,422,Joseph Williams
9567,423,Gary Turner
9568,424,Taylor Huber
9569,425,Gina Estrada
9570,426,Michael Thomas
9571,427,Jennifer Powell MD
9572,428,Mrs. Deanna Garcia PhD
9573,429,Taylor Byrd
9574,430,Suzanne Avila
9575,431,Manuel Elliott
9576,432,Karen Tran
9577,433,Tanya Mason
9578,434,Heather Brooks
9579,435,Derrick Keith
9580,436,Andrea Lee
9581,437,Alison Patterson
9582,438,Jonathan Lopez
9583,439,David Villarreal
9584,440,Katelyn Morgan
9585,441,Melissa Davis
9586,442,Kim Sutton
9587,443,Lynn Green
9588,444,Sara Ortiz
9589,445,Richard Schmitt
9590,446,Brendan Ford Jr.
9591,447,David Keller
9592,448,Leah Dixon
9593,449,Margaret Nelson
9594,450,Richard Hughes
9595,451,Daniel Armstrong
9596,452,Larry Boyd
9597,453,Lisa Foster
9598,454,Deborah Moore
9599,455,Claudia Parks
9600,456,Craig Harris
9601,457,Teresa Graham
9602,458,Mary Floyd
9603,459,Shari Bentley
9604,460,Kelly Long
9605,461,Thomas Foster
9606,462,Elizabeth Heath
9607,463,Joel Hicks
9608,464,Kevin Sloan
9609,465,Justin Ochoa
9610,466,James Ford
9611,467,Kristin Johnson
9612,468,Rita Owens
9613,469,Paul Mejia
9614,470,Parker Beck
9615,471,Martin Gibson
9616,472,John Herrera
9617,473,Kayla Acosta
9618,474,Robert Jones
9619,475,Blake Lowery
9620,476,David Ellison Jr.
9621,477,Robert Brown
9622,478,Steven Hinton
9623,479,Amber Thompson
9624,480,Tiffany Phillips
9625,481,Kenneth Snyder MD
9626,482,Krystal Kirk
9627,483,Melissa King
9628,484,Alexis Steele MD
9629,485,Linda Massey
9630,486,Linda Brown
9631,487,Jordan Wallace
9632,488,Evan Lawrence
9633,489,David Jordan
9634,490,Cynthia Sparks
9635,491,Ryan Dorsey
9636,492,Sarah Allen DDS
9637,493,Bryce White
9638,494,Maria Allen
9639,495,Brandon Drake
9640,496,Nicolas Bailey
9641,497,Benjamin Wall
9642,498,David Hamilton
9643,499,Michele Garcia
9644,500,Christian Carter
9645,501,Jose Miller
9646,502,Mr. Steven Hernandez
9647,503,Alan Jefferson
9648,504,Anna Daniels
9649,505,Derrick Collier
9650,506,Dana Mills
9651,507,James Francis
9652,508,Melinda Silva
9653,509,Crystal Spencer
9654,510,Jason Scott
9655,511,Jeanette Rodriguez MD
9656,512,Barbara Lindsey
9657,513,Barbara Reilly
9658,514,Joseph Barrera
9659,515,Angela Dominguez
9660,516,Tamara Freeman
9661,517,Arthur Martinez
9662,518,Anthony Cook
9663,519,Meredith Leonard
9664,520,Cheryl Gordon
9665,521,Nicole Coffey
9666,522,Diana Robles
9667,523,Tiffany Alexander
9668,524,Joseph Shaffer
9669,525,William Weber
9670,526,Sarah Torres
9671,527,Anna Meyer
9672,528,Nicholas Martinez
9673,529,Christopher Thomas
9674,530,Laura Obrien
9675,531,Frederick Williamson
9676,532,Mark Blair
9677,533,Antonio Hunter
9678,534,Sandy Jones
9679,535,Joseph Berry
9680,536,Elizabeth Gray
9681,537,George Smith
9682,538,Jennifer Contreras
9683,539,Kimberly Gardner
9684,540,Nicole Johnson
9685,541,Jennifer Lin
9686,542,Dylan Rich
9687,543,Melissa Aguirre
9688,544,Zachary Bowers
9689,545,Victor Brown
9690,546,Susan Rivers
9691,547,Darlene Garcia
9692,548,Paul Fox
9693,549,Brian Campbell
9694,550,Crystal Hunt
9695,551,Mathew Wilson
9696,552,Patricia Cox
9697,553,Carlos Yang
9698,554,Noah Oneill
9699,555,Renee Davis
9700,556,Dylan Bowers
9701,557,Denise Brown
9702,558,James Harris
9703,559,Jessica Meyer
9704,560,Lee Shelton
9705,561,Brooke Wagner MD
9706,562,John Nelson
9707,563,Jonathan Cooper
9708,564,Robert Brooks
9709,565,Veronica Benjamin
9710,566,Timothy Fox
9711,567,Kenneth Pitts
9712,568,Brandy Fowler
9713,569,Cheryl Valenzuela MD
9714,570,Catherine Trujillo
9715,571,Kimberly Long
9716,572,Amanda Pearson
9717,573,Mathew Smith
9718,574,Michelle Robinson
9719,575,Vincent Glass
9720,576,Luis Werner
9721,577,Robert Bush
9722,578,Craig Bowman
9723,579,Terry Holder
9724,580,Jennifer Berry
9725,581,Bradley Jones
9726,582,Mark Ruiz
9727,583,Meghan Shah
9728,584,Robert Gallegos
9729,585,Leslie Brady
9730,586,Patrick Thomas
9731,587,Sue Mason
9732,588,Kelsey Jenkins
9733,589,Debra Sharp
9734,590,Daniel Potts
9735,591,John Schneider
9736,592,Melissa Matthews
9737,593,David Smith
9738,594,Tiffany Montoya
9739,595,Andrea Wilson
9740,596,Miguel Marshall
9741,597,Sara Stewart
9742,598,Terry Mullins
9743,599,Gregory Beard
9744,600,Henry Compton
9745,601,Mia Coleman
9746,602,Samantha Matthews DDS
9747,603,Jackie Bradford
9748,604,Angelica Rodriguez
9749,605,Susan Campbell
9750,606,Madeline Hodge
9751,607,David Farmer
9752,608,Felicia Green
9753,609,Douglas Wright
9754,610,Holly Lopez
9755,611,Joshua Moore
9756,612,Katherine Martin
9757,613,Ashley Roberts
9758,614,James Giles
9759,615,Sierra Chandler
9760,616,Daniel Mcbride
9761,617,Adrienne Miller
9762,618,Leslie Kennedy
9763,619,Lynn Nichols
9764,620,Daniel Michael
9765,621,Dawn Wood
9766,622,Kathleen Cordova
9767,623,Renee Ford
9768,624,Karen Avila
9769,625,Michael Williams
9770,626,Jeffrey Harris
9771,627,Guy Davis
9772,628,Krista Baird
9773,629,Betty Ramos
9774,630,Glenn Mitchell
9775,631,Christopher Chandler
9776,632,Kelly Gomez
9777,633,Pamela Anthony
9778,634,Tanya Johnson
9779,635,Kathleen Jacobs
9780,636,Beverly Mcdonald
9781,637,Robert Wilson
9782,638,Michael Garcia
9783,639,Shelby Silva
9784,640,Deborah Skinner
9785,641,Kimberly Smith
9786,642,Jason Delacruz
9787,643,Mr. John Conrad
9788,644,Jonathan Bowen
9789,645,Kayla Aguirre
9790,646,Joshua Elliott
9791,647,Elizabeth Franklin
9792,648,Matthew Levy
9793,649,Elizabeth Garrison
9794,650,Jeremiah Bell
9795,651,Karen Frazier
9796,652,Rebecca Brown
9797,653,Jonathan Cobb
9798,654,Jesse Bradley
9799,655,Emily Willis
9800,656,Amy Morton
9801,657,Donna Thompson
9802,658,Mrs. Lisa Bradshaw
9803,659,Monica Branch
9804,660,Shawn Davis
9805,661,Melanie Williams
9806,662,Michele Watson
9807,663,Amber Lee
9808,664,Donald Munoz
9809,665,Brittney Stewart
9810,666,Laura Garcia
9811,667,Erika Walsh
9812,668,Katherine Brooks
9813,669,Henry Watkins
9814,670,Sarah Calhoun
9815,671,Michelle Taylor